{"time/ppo/compute_rewards":0.0002796649932861328,"tokens/queries_len_mean":208,"ppo/loss/value":0.4263679087162018,"ppo/val/error":0.678770899772644,"_step":0,"time/ppo/optimize_step":9.81388258934021,"time/ppo/compute_advantages":0.0074312686920166016,"ppo/val/var_explained":-10.538653373718262,"ppo/policy/policykl":0.258327841758728,"ppo/learning_rate":2.94e-05,"objective/kl_coef":0.2,"ppo/loss/policy":-0.06721382588148117,"_runtime":16.906831708,"ppo/policy/entropy":0.5250135064125061,"ppo/loss/total":-0.02457703836262226,"objective/logprobs":{"values":[1,0,0,0,0,0,0,0,0,0,0,0,0,1,0,0,1,0,0,4,1,2,2,12,11,9,9,8,13,19,38,222],"bins":[-36.46875,-35.3291015625,-34.189453125,-33.0498046875,-31.91015625,-30.7705078125,-29.630859375,-28.4912109375,-27.3515625,-26.2119140625,-25.072265625,-23.9326171875,-22.79296875,-21.6533203125,-20.513671875,-19.3740234375,-18.234375,-17.0947265625,-15.955078125,-14.8154296875,-13.67578125,-12.5361328125,-11.396484375,-10.2568359375,-9.1171875,-7.9775390625,-6.837890625,-5.6982421875,-4.55859375,-3.4189453125,-2.279296875,-1.1396484375,0],"_type":"histogram"},"objective/ref_logprobs":{"values":[1,0,0,0,0,0,0,0,0,0,0,0,0,1,0,0,1,0,0,4,1,2,2,12,11,9,9,8,13,19,38,222],"bins":[-36.46875,-35.3291015625,-34.189453125,-33.0498046875,-31.91015625,-30.7705078125,-29.630859375,-28.4912109375,-27.3515625,-26.2119140625,-25.072265625,-23.9326171875,-22.79296875,-21.6533203125,-20.513671875,-19.3740234375,-18.234375,-17.0947265625,-15.955078125,-14.8154296875,-13.67578125,-12.5361328125,-11.396484375,-10.2568359375,-9.1171875,-7.9775390625,-6.837890625,-5.6982421875,-4.55859375,-3.4189453125,-2.279296875,-1.1396484375,0],"_type":"histogram"},"ppo/policy/approxkl":0.20772051811218262,"objective/kl":0,"time/ppo/calc_stats":0.03474879264831543,"ppo/policy/clipfrac":0.4013013243675232,"_timestamp":1.7370265249410279e+09,"ppo/policy/advantages_mean":-9.798023725693383e-09,"ppo/val/mean":0.42625147104263306,"time/ppo/total":9.994737386703491,"time/ppo/forward_pass":0.13831543922424316,"ppo/std_scores":NaN,"ppo/val/var":1.0965125560760498,"ppo/mean_scores":0.9599999785423279,"tokens/queries_dist":208,"tokens/responses_len_mean":146,"tokens/queries_len_std":NaN,"ppo/policy/ratio":{"bins":[0.007285513449460268,1.5034269094467163,2.999568462371826,4.4957098960876465,5.991851329803467,7.487992763519287,8.984134674072266,10.480276107788086,11.976417541503906,13.472558975219727,14.968700408935547,16.464841842651367,17.960983276367188,19.457124710083008,20.953266143798828,22.44940757751465,23.94554901123047,25.44169044494629,26.93783187866211,28.43397331237793,29.93011474609375,31.42625617980957,32.92239761352539,34.41853713989258,35.91468048095703,37.41082000732422,38.90696334838867,40.40310287475586,41.89924621582031,43.3953857421875,44.89152908325195,46.38766860961914,47.883811950683594],"_type":"histogram","values":[33790,1159,76,216,4,3,2,5,10,4,5,5,4,2,1,1,1,2,1,2,0,1,1,1,0,1,1,0,1,0,0,1]},"ppo/val/clipfrac":0.6119177937507629,"objective/kl_dist":0,"ppo/val/vpred":0.4455950856208801,"tokens/responses_len_std":NaN,"ppo/policy/advantages":{"_type":"histogram","values":[100,100,0,0,100,0,300,100,500,700,600,700,700,900,1000,600,19400,2700,2000,1200,600,100,500,700,200,300,200,500,200,100,100,100],"bins":[-2.8144257068634033,-2.6465072631835938,-2.478588819503784,-2.3106703758239746,-2.142752170562744,-1.9748337268829346,-1.806915283203125,-1.6389968395233154,-1.4710783958435059,-1.3031600713729858,-1.1352416276931763,-0.9673232436180115,-0.7994048595428467,-0.6314864158630371,-0.4635680317878723,-0.29564961791038513,-0.12773120403289795,0.040187202394008636,0.20810560882091522,0.3760240077972412,0.5439424514770508,0.7118608355522156,0.8797792196273804,1.04769766330719,1.21561598777771,1.3835344314575195,1.551452875137329,1.7193713188171387,1.8872896432876587,2.0552079677581787,2.2231264114379883,2.391044855117798,2.5589632987976074]},"_wandb":{"runtime":22},"objective/entropy":25.148107528686523,"tokens/responses_dist":146,"ppo/returns/mean":0.49739402532577515,"ppo/mean_non_score_reward":0,"ppo/returns/var":0.05882583558559418}